{
  "project_info": {
    "project_number": "118470856109",
    "firebase_url": "https://vote-it-ce512.firebaseio.com",
    "project_id": "vote-it-ce512",
    "storage_bucket": "vote-it-ce512.appspot.com"
  },
  "client": [
    {
      "client_info": {
        "mobilesdk_app_id": "1:118470856109:android:f22a0026cf72b1e0",
        "android_client_info": {
          "package_name": "com.example.vahsir.voteit"
        }
      },
      "oauth_client": [
        {
          "client_id": "118470856109-vr767f83b9ksot82gg348p7vgejtvsu4.apps.googleusercontent.com",
          "client_type": 1,
          "android_info": {
            "package_name": "com.example.vahsir.voteit",
            "certificate_hash": "46b20f7bb7613cf8fad247869e78752dad1b6d2e"
          }
        },
        {
          "client_id": "118470856109-9quf2qb40e74bgqs8km0cgb72t5rdqv7.apps.googleusercontent.com",
          "client_type": 3
        }
      ],
      "api_key": [
        {
          "current_key": "AIzaSyBUNNebFOmSXNpG_ZBSX7pt_hk4B8389-0"
        }
      ],
      "services": {
        "analytics_service": {
          "status": 1
        },
        "appinvite_service": {
          "status": 2,
          "other_platform_oauth_client": [
            {
              "client_id": "118470856109-9quf2qb40e74bgqs8km0cgb72t5rdqv7.apps.googleusercontent.com",
              "client_type": 3
            }
          ]
        },
        "ads_service": {
          "status": 2
        }
      }
    }
  ],
  "configuration_version": "1"
}